,adt,ee.pct,ie.pct,ei.pct
1,2380,0.130362768,0.434818616,0.434818616
2,2927,0.532968111,0.233515945,0.233515945
3,3488,0.15,0.425,0.425
4,1240,0.2,0.4,0.4
5,4002,0.582143873,0.208928064,0.208928064
6,1139,0.2,0.4,0.4
7,466,0.530472,0.234764,0.234764
8,1334,0.452524625,0.273737688,0.273737688
9,11097,0.263032,0.368484,0.368484
10,1803,0.35,0.325,0.325
