1person,2persons,3persons,4+persons
0.01661397,0.09837425,1.1689175,2.9164054
