X0workers,X1worker,X2workers,X3.workers
0.04866592,1.3837429,2.6485293,4.6996328
