0worker,1worker,2workers,3+workers
0.04866592,1.3837429,2.6485293,4.6996328
