,0worker,1worker,2workers,3+workers
1person,0.796362,1.05166,0,0
2persons,1.454404,1.590229,1.872932,0
3persons,1.571695,1.916426,2.670903,2.683641
4+persons,1.194785,2.148016,3.213983,3.301861
